Workbook

Sheet 7-11
A1: Согласовано: | H1: Утверждаю
A2: Директор МБОУ СОШ №4 | H2: зав.производством ООО "МТК"
A3: _______ Н.В. Менщикова | H3: __________Р.Г. Сахауова
A4: 46034 | C4: понедельник | G4: неделя 1
A5: неделя 1 | C5: возрастная категория 7-11
A6: Прием пищи | B6: № рец. | C6: Блюдо | D6: Выход, г | E6: Калорийн | F6: Белки | G6: Жиры | H6: Углеводы
A7: Завтрак
B8: 98 | C8: Каша рисовая молочная жидкая со слив. маслом | D8: 205 | E8: 298.8 | F8: 7.5 | G8: 10 | H8: 42.9
B9: 10 | C9: Бутерброд горячий с сыром | D9: 43 | E9: 124.8 | F9: 5.8 | G9: 6 | H9: 13.7
B10: 82 | C10: Фрукты свежие (яблоко) | D10: 120 | E10: 56.4 | F10: 0.5 | G10: 0.5 | H10: 11.8
B11: 459 | C11: Чай с лимоном | D11: 207 | E11: 43.4 | F11: 0.3 | G11: 0 | H11: 10.3
B12: 573 | C12: Хлеб пшеничный витаминный | D12: 25 | E12: 60.5 | F12: 2 | G12: 0 | H12: 12.2
B13: 574 | C13: Хлеб ржаной | D13: 25 | E13: 64.8 | F13: 2.1 | G13: 1 | H13: 12.7
C14: Итого | D14: =SUM(D8:D13) -> 625 | E14: =SUM(E8:E13) -> 648.7 | F14: =SUM(F8:F13) -> 18.2 | G14: =SUM(G8:G13) -> 17.5 | H14: =SUM(H8:H13) -> 103.6
A15: Обед
B16: 28.1 | C16: Салат из кукурузы со св.огурцом, яйцом и сыром | D16: 60 | E16: 82.3 | F16: 3.8 | G16: 6 | H16: 3.3
B17: 139 | C17: Суп картофельный с горохом, с мясом говядины, гренками | D17: 225 | E17: 196 | F17: 10.31 | G17: 6.29 | H17: 24.52
B18: 476 | C18: Котлета Домашняя | D18: 90 | E18: 254.3 | F18: 17 | G18: 11 | H18: 28.7
B19: 516 | C19: Макаронные изделия отварные | D19: 150 | E19: 204.3 | F19: 5.44 | G19: 4.84 | H19: 34.71
B20: 699 | C20: Напиток апельсиновый | D20: 200 | E20: 105 | F20: 0.2 | G20: 0 | H20: 24.5
B21: 573 | C21: Хлеб пшеничный витаминный | D21: 25 | E21: 60.5 | F21: 2 | G21: 0 | H21: 12.2
B22: 574 | C22: Хлеб ржаной | D22: 25 | E22: 64.8 | F22: 2.1 | G22: 1 | H22: 12.7
C23: Итого | D23: =SUM(D16:D22) -> 775 | E23: =SUM(E16:E22) -> 967.2 | F23: =SUM(F16:F22) -> 40.85 | G23: =SUM(G16:G22) -> 29.13 | H23: =SUM(H16:H22) -> 140.63
A24: Полдник
B25: 747 | C25: Сосиска запеченая в тесте | D25: 120 | E25: 339.14 | F25: 11.74 | G25: 17.1 | H25: 34.61
B26: 82 | C26: Фрукты свежие (яблоко) | D26: 120 | E26: 56.4 | F26: 0.5 | G26: 0.5 | H26: 11.8
B27: 459 | C27: Чай с лимоном | D27: 207 | E27: 43.4 | F27: 0.3 | G27: 0 | H27: 10.3
C28: Итого | D28: =SUM(D25:D27) -> 447 | E28: =SUM(E25:E27) -> 438.94 | F28: =SUM(F25:F27) -> 12.54 | G28: =SUM(G25:G27) -> 17.6 | H28: =SUM(H25:H27) -> 56.71
C29: Всего: | E29: =E14+E23+E28 -> 2054.84 | F29: =F14+F23+F28 -> 71.59 | G29: =G14+G23+G28 -> 64.23 | H29: =H14+H23+H28 -> 300.94
A31: Согласовано: | H31: Утверждаю
A32: Директор МБОУ СОШ №4 | H32: зав.производством ООО "МТК"
A33: _______Н.В. Менщикова | H33: __________Р.Г. Сахауова
A34: 46035 | C34: вторник | G34: неделя 1
A35: неделя 1 | C35: возрастная категория 7-11
A36: Прием пищи | B36: № рец. | C36: Блюдо | D36: Выход, г | E36: Калорийн | F36: Белки | G36: Жиры | H36: Углеводы
A37: Завтрак
B38: 53 | C38: Огурец свежий порционно | D38: 30 | E38: 4.1 | F38: 0.2 | G38: 0 | H38: 0.7
B39: 595 | C39: Наггетсы | D39: 60 | E39: 171.1 | F39: 10.4 | G39: 11.2 | H39: 7.2
B40: 516 | C40: Макаронные изделия отварные | D40: 150 | E40: 204.32 | F40: 5.44 | G40: 4.84 | H40: 34.71
B41: 82/1 | C41: Фрукты свежие (банан) | D41: 180 | E41: 91.2 | F41: 0.8 | G41: 0.6 | H41: 20
B42: 457 | C42: Чай с сахаром | D42: 200 | E42: 41.1 | F42: 0.2 | G42: 0 | H42: 10.1
B43: 573 | C43: Хлеб пшеничный витаминный | D43: 25 | E43: 60.5 | F43: 2 | G43: 0 | H43: 12.2
B44: 574 | C44: Хлеб ржаной | D44: 25 | E44: 64.8 | F44: 2.1 | G44: 1 | H44: 12.7
C45: Итого | D45: =SUM(D38:D44) -> 670 | E45: =SUM(E38:E44) -> 637.12 | F45: =SUM(F38:F44) -> 21.14 | G45: =SUM(G38:G44) -> 17.64 | H45: =SUM(H38:H44) -> 97.61
A46: Обед
B47: 17 | C47: Салат из свежих помидоров | D47: 60 | E47: 109 | F47: 1 | G47: 10.2 | H47: 3.3
B48: 124 | C48: Щи из свежей капусты с картофелем, говядиной и зеленью. | D48: 217 | E48: 145.9 | F48: 6.7 | G48: 5.9 | H48: 14.2
B49: 179/1 | C49: Плов со свининой | D49: 220 | E49: 440 | F49: 13 | G49: 22 | H49: 47.5
B50: 507 | C50: Напиток с витаминами "Витошка" | D50: 200 | E50: 75.7 | F50: 0 | G50: 0 | H50: 18.8
B51: 573 | C51: Хлеб пшеничный витаминный | D51: 25 | E51: 60.5 | F51: 2 | G51: 0 | H51: 12.2
B52: 574 | C52: Хлеб ржаной | D52: 25 | E52: 64.8 | F52: 2.1 | G52: 1 | H52: 12.7
C53: Итого | D53: =SUM(D47:D52) -> 747 | E53: =SUM(E47:E52) -> 895.9 | F53: =SUM(F47:F52) -> 24.8 | G53: =SUM(G47:G52) -> 39.1 | H53: =SUM(H47:H52) -> 108.7
A54: Полдник
B55: 1444 | C55: Сырная палочка | D55: 80 | E55: 238.8 | F55: 11.5 | G55: 6.3 | H55: 33.7
B56: 30/1, | C56: Вафли "Муля" | D56: 30 | E56: 163.5 | F56: 1.5 | G56: 9.9 | H56: 9.9
B57: 82/1 | C57: Фрукты свежие (банан) | D57: 180 | E57: 91.2 | F57: 0.8 | G57: 0.6 | H57: 20
B58: 457 | C58: Чай с сахаром | D58: 200 | E58: 41.1 | F58: 0.2 | G58: 0 | H58: 10.1
C59: Итого | D59: =SUM(D55:D58) -> 490 | E59: =SUM(E55:E58) -> 534.6 | F59: =SUM(F55:F58) -> 14 | G59: =SUM(G55:G58) -> 16.8 | H59: =SUM(H55:H58) -> 73.7
C60: Всего | E60: =E59+E53+E45 -> 2067.62 | F60: =F59+F53+F45 -> 59.94 | G60: =G59+G53+G45 -> 73.54 | H60: =H59+H53+H45 -> 280.01
A62: Согласовано: | H62: Утверждаю
A63: Директор МБОУ СОШ №4 | H63: зав.производством ООО "МТК"
A64: _______ Н.В. Менщикова | H64: __________Р.Г. Сахауова
A65: 46036 | C65: среда | G65: неделя 1
C66: возрастная категория 7-11
A67: Прием пищи | B67: № рец. | C67: Блюдо | D67: Выход, г | E67: Калорийн | F67: Белки | G67: Жиры | H67: Углеводы
A68: Завтрак
B69: 148 | C69: Перец свежий порционно | D69: 30 | E69: 4.1 | F69: 0.2 | G69: 0 | H69: 0.7
B70: 553 | C70: Фрикадельки по-калининградски | D70: 90 | E70: 193.7 | F70: 13.9 | G70: 12 | H70: 7.6
B71: 508 | C71: Каша гречневая рассыпчатая | D71: 150 | E71: 244.54 | F71: 8.48 | G71: 6.41 | H71: 38.32
B72: 200/1 | C72: Коктейль молочный "Топтыжка" | D72: 200 | E72: 144 | F72: 5.6 | G72: 6.4 | H72: 18.6
B73: 459 | C73: Чай с лимоном | D73: 207 | E73: 43.4 | F73: 0.3 | G73: 0 | H73: 10.3
B74: 573 | C74: Хлеб пшеничный витаминный | D74: 25 | E74: 60.5 | F74: 2 | G74: 0 | H74: 12.2
B75: 574 | C75: Хлеб ржаной | D75: 25 | E75: 64.8 | F75: 2.1 | G75: 1 | H75: 12.7
C76: Итого | D76: =SUM(D69:D75) -> 727 | E76: =SUM(E69:E75) -> 755.04 | F76: =SUM(F69:F75) -> 32.58 | G76: =SUM(G69:G75) -> 25.81 | H76: =SUM(H69:H75) -> 100.42
A77: Обед
B78: 4 | C78: Салат из белокочанной капусты с морковью | D78: 60 | E78: 81.7 | F78: 1 | G78: 6 | H78: 5.7
B79: 34 | C79: Свекольник с зеленью | D79: 202 | E79: 124.9 | F79: 1.98 | G79: 4.59 | H79: 28
B80: 394 | C80: Жаркое по-домашнему из говядины | D80: 200 | E80: 286.2 | F80: 18.2 | G80: 16.6 | H80: 36.5
B81: 82/2 | C81: Фрукты свежие ( киви) | D81: 100 | E81: 45.6 | F81: 0.8 | G81: 0.4 | H81: 7.9
B82: 495 | C82: Компот из сухофруктов | D82: 200 | E82: 62.6 | F82: 0.8 | G82: 0 | H82: 15.3
B83: 573 | C83: Хлеб пшеничный витаминный | D83: 25 | E83: 60.5 | F83: 2 | G83: 0 | H83: 12.2
B84: 574 | C84: Хлеб ржаной | D84: 25 | E84: 64.8 | F84: 2.1 | G84: 1 | H84: 12.7
C85: Итого | D85: =SUM(D78:D84) -> 812 | E85: =SUM(E78:E84) -> 726.3 | F85: =SUM(F78:F84) -> 26.88 | G85: =SUM(G78:G84) -> 28.59 | H85: =SUM(H78:H84) -> 118.3
A86: Полдник
B87: 544 | C87: Плюшка сахарная | D87: 80 | E87: 294.22 | F87: 8.3 | G87: 4.6 | H87: 40.1
B88: 200/1 | C88: Коктейль молочный "Топтыжка" | D88: 200 | E88: 144 | F88: 5.6 | G88: 6.4 | H88: 18.6
B89: 459 | C89: Чай с лимоном | D89: 207 | E89: 43.4 | F89: 0.3 | G89: 0 | H89: 10.3
C90: Итого | D90: =SUM(D87:D89) -> 487 | E90: =SUM(E87:E89) -> 481.62 | F90: =SUM(F87:F89) -> 14.2 | G90: =SUM(G87:G89) -> 11 | H90: =SUM(H87:H89) -> 69
C91: Всего: | E91: =E76+E85+E90 -> 1962.96 | F91: =F76+F85+F90 -> 73.66 | G91: =G76+G85+G90 -> 65.4 | H91: =H76+H85+H90 -> 287.72
A93: Согласовано: | H93: Утверждаю
A94: Директор МБОУ СОШ №4 | H94: зав.производством ООО "МТК"
A95: _______ Н.В. Менщикова | H95: __________Р.Г. Сахауова
A96: 46037 | C96: четверг | G96: неделя 1
C97: возрастная категория 7-11
A98: Прием пищи | B98: № рец. | C98: Блюдо | D98: Выход, г | E98: Калорийн | F98: Белки | G98: Жиры | H98: Углеводы
A99: Завтрак
B100: 54 | C100: Помидор свежий порционно | D100: 30 | E100: 4.1 | F100: 0.2 | G100: 0 | H100: 0.7
B101: 500 | C101: Биточки рубленые из мяса птицы с томатным соусом | D101: 100 | E101: 108.9 | F101: 5.7 | G101: 5.8 | H101: 7
B102: 520 | C102: Пюре картофельное | D102: 150 | E102: 250.3 | F102: 3.1 | G102: 17.1 | H102: 21
B103: 38/1 | C103: Вафли "Боярушка" | D103: 38 | E103: 134.52 | F103: 1.06 | G103: 1.3 | H103: 29.37
...

Sheet 12 лет
A1: Согласовано: | H1: Утверждаю
A2: Директор МБОУ СОШ №4 | H2: зав.производством ООО "МТК"
A3: _______ Н.В. Менщикова | H3: __________Р.Г. Сахауова
A4: ='7-11'!A4 -> 46034 | C4: понедельник | G4: неделя 1
A5: неделя 1 | C5: возрастная категория 12 и старше
A6: Прием пищи | B6: № рец. | C6: Блюдо | D6: Выход, г | E6: Калорийн | F6: Белки | G6: Жиры | H6: Углеводы
A7: Завтрак
B8: 98 | C8: Каша рисовая молочная жидкая со слив. маслом | D8: 205 | E8: 298.8 | F8: 7.5 | G8: 10 | H8: 42.9
B9: 10 | C9: Бутерброд горячий с сыром | D9: 50 | E9: 124.8 | F9: 5.8 | G9: 6 | H9: 13.7
B10: 82 | C10: Фрукты свежие (яблоко) | D10: 120 | E10: 56.4 | F10: 0.5 | G10: 0.5 | H10: 11.8
B11: 459 | C11: Чай с лимоном | D11: 207 | E11: 43.4 | F11: 0.3 | G11: 0 | H11: 10.3
B12: 573 | C12: Хлеб пшеничный витаминный | D12: 25 | E12: 60.5 | F12: 2 | G12: 0 | H12: 12.2
B13: 574 | C13: Хлеб ржаной | D13: 25 | E13: 64.8 | F13: 2.1 | G13: 1 | H13: 12.7
C14: Итого | D14: =SUM(D8:D13) -> 632 | E14: =SUM(E8:E13) -> 648.7 | F14: =SUM(F8:F13) -> 18.2 | G14: =SUM(G8:G13) -> 17.5 | H14: =SUM(H8:H13) -> 103.6
A15: Обед
B16: 28.1 | C16: Салат из кукурузы со св.огурцом, яйцом и сыром | D16: 100 | E16: 137.2 | F16: 6.3 | G16: 10 | H16: 5.5
B17: 139 | C17: Суп картофельный с горохом, с мясом говядины, гренками | D17: 275 | E17: 239.59 | F17: 12.6 | G17: 7.69 | H17: 29.97
B18: 476 | C18: Котлета Домашняя | D18: 100 | E18: 282.38 | F18: 13.49 | G18: 12.36 | H18: 29.66
B19: 516 | C19: Макаронные изделия отварные | D19: 180 | E19: 245.2 | F19: 6.5 | G19: 5.8 | H19: 41.6
B20: 699 | C20: Напиток апельсиновый | D20: 200 | E20: 105 | F20: 0.2 | G20: 0 | H20: 24.5
B21: 573 | C21: Хлеб пшеничный витаминный | D21: 25 | E21: 60.5 | F21: 2 | G21: 0 | H21: 12.2
B22: 574 | C22: Хлеб ржаной | D22: 25 | E22: 64.8 | F22: 2.1 | G22: 1 | H22: 12.7
C23: Итого | D23: =SUM(D16:D22) -> 905 | E23: =SUM(E16:E22) -> 1134.67 | F23: =SUM(F16:F22) -> 43.19 | G23: =SUM(G16:G22) -> 36.85 | H23: =SUM(H16:H22) -> 156.13
A24: Полдник
B25: 747 | C25: Сосиска запеченая в тесте | D25: 120 | E25: 339.14 | F25: 11.74 | G25: 17.1 | H25: 34.61
B26: 82 | C26: Фрукты свежие (яблоко) | D26: 120 | E26: 56.4 | F26: 0.5 | G26: 0.5 | H26: 11.8
B27: 459 | C27: Чай с лимоном | D27: 207 | E27: 43.4 | F27: 0.3 | G27: 0 | H27: 10.3
C28: Итого | D28: =SUM(D25:D27) -> 447 | E28: =SUM(E25:E27) -> 438.94 | F28: =SUM(F25:F27) -> 12.54 | G28: =SUM(G25:G27) -> 17.6 | H28: =SUM(H25:H27) -> 56.71
C29: Всего: | E29: =E14+E23+E28 -> 2222.31 | F29: =F14+F23+F28 -> 73.93 | G29: =G14+G23+G28 -> 71.95 | H29: =H14+H23+H28 -> 316.44
A31: Согласовано: | H31: Утверждаю
A32: Директор МБОУ СОШ №4 | H32: зав.производством ООО "МТК"
A33: _______Н.В. Менщикова | H33: __________Р.Г. Сахауова
A34: ='7-11'!A34 -> 46035 | C34: вторник | G34: неделя 1
A35: неделя 1 | C35: возрастная категория 12 и старше
A36: Прием пищи | B36: № рец. | C36: Блюдо | D36: Выход, г | E36: Калорийн | F36: Белки | G36: Жиры | H36: Углеводы
A37: Завтрак
B38: 53 | C38: Огурец свежий порционно | D38: 30 | E38: 4.1 | F38: 0.2 | G38: 0 | H38: 0.7
B39: 595 | C39: Наггетсы | D39: 60 | E39: 171.1 | F39: 10.4 | G39: 11.2 | H39: 7.2
B40: 516 | C40: Макаронные изделия отварные | D40: 180 | E40: 245.2 | F40: 6.5 | G40: 5.8 | H40: 41.6
B41: 82/1 | C41: Фрукты свежие (банан) | D41: 180 | E41: 91.2 | F41: 0.8 | G41: 0.6 | H41: 20
B42: 457 | C42: Чай с сахаром | D42: 200 | E42: 41.1 | F42: 0.2 | G42: 0 | H42: 10.1
B43: 573 | C43: Хлеб пшеничный витаминный | D43: 25 | E43: 60.5 | F43: 2 | G43: 0 | H43: 12.2
B44: 574 | C44: Хлеб ржаной | D44: 25 | E44: 64.8 | F44: 2.1 | G44: 1 | H44: 12.7
C45: Итого | D45: =SUM(D38:D44) -> 700 | E45: =SUM(E38:E44) -> 678 | F45: =SUM(F38:F44) -> 22.2 | G45: =SUM(G38:G44) -> 18.6 | H45: =SUM(H38:H44) -> 104.5
A46: Обед
B47: 17 | C47: Салат из свежих помидоров | D47: 100 | E47: 109 | F47: 1 | G47: 10.2 | H47: 3.3
B48: 124 | C48: Щи из свежей капусты с картофелем, говядиной и зеленью. | D48: 267 | E48: 179.5 | F48: 8.25 | G48: 7.26 | H48: 17.48
B49: 179/1 | C49: Плов со свининой | D49: 250 | E49: 500 | F49: 14.8 | G49: 25 | H49: 54
B50: 507 | C50: Напиток с витаминами "Витошка" | D50: 200 | E50: 75.7 | F50: 0 | G50: 0 | H50: 18.8
B51: 573 | C51: Хлеб пшеничный витаминный | D51: 25 | E51: 60.5 | F51: 2 | G51: 0 | H51: 12.2
B52: 574 | C52: Хлеб ржаной | D52: 25 | E52: 64.8 | F52: 2.1 | G52: 1 | H52: 12.7
C53: Итого | D53: =SUM(D47:D52) -> 867 | E53: =SUM(E47:E52) -> 989.5 | F53: =SUM(F47:F52) -> 28.15 | G53: =SUM(G47:G52) -> 43.46 | H53: =SUM(H47:H52) -> 118.48
A54: Полдник
B55: 1444 | C55: Сырная палочка | D55: 80 | E55: 238.8 | F55: 11.5 | G55: 6.3 | H55: 33.7
B56: 30/1, | C56: Вафли "Муля" | D56: 30 | E56: 163.5 | F56: 1.5 | G56: 9.9 | H56: 9.9
B57: 82/1 | C57: Фрукты свежие (банан) | D57: 180 | E57: 91.2 | F57: 0.8 | G57: 0.6 | H57: 20
B58: 457 | C58: Чай с сахаром | D58: 200 | E58: 41.1 | F58: 0.2 | G58: 0 | H58: 10.1
C59: Итого | D59: =SUM(D55:D58) -> 490 | E59: =SUM(E55:E58) -> 534.6 | F59: =SUM(F55:F58) -> 14 | G59: =SUM(G55:G58) -> 16.8 | H59: =SUM(H55:H58) -> 73.7
C60: Всего | E60: =E59+E53+E45 -> 2202.1 | F60: =F59+F53+F45 -> 64.35 | G60: =G59+G53+G45 -> 78.86 | H60: =H59+H53+H45 -> 296.68
A62: Согласовано: | H62: Утверждаю
A63: Директор МБОУ СОШ №4 | H63: зав.производством ООО "МТК"
A64: _______ Н.В. Менщикова | H64: __________Р.Г. Сахауова
A65: ='7-11'!A65 -> 46036 | C65: среда | G65: неделя 1
C66: возрастная категория 12 и старше
A67: Прием пищи | B67: № рец. | C67: Блюдо | D67: Выход, г | E67: Калорийн | F67: Белки | G67: Жиры | H67: Углеводы
A68: Завтрак
B69: 148 | C69: Перец свежий порционно | D69: 30 | E69: 4.1 | F69: 0.2 | G69: 0 | H69: 0.7
B70: 553 | C70: Фрикадельки по-калининградски | D70: 100 | E70: 215.23 | F70: 15.47 | G70: 13.32 | H70: 8.47
B71: 508 | C71: Каша гречневая рассыпчатая | D71: 180 | E71: 288.5 | F71: 6 | G71: 6,,2 | H71: 42.6
B72: 200/1 | C72: Коктейль молочный "Топтыжка" | D72: 200 | E72: 144 | F72: 5.6 | G72: 6.4 | H72: 18.6
B73: 459 | C73: Чай с лимоном | D73: 207 | E73: 43.4 | F73: 0.3 | G73: 0 | H73: 10.3
B74: 573 | C74: Хлеб пшеничный витаминный | D74: 25 | E74: 60.5 | F74: 2 | G74: 0 | H74: 12.2
B75: 574 | C75: Хлеб ржаной | D75: 25 | E75: 64.8 | F75: 2.1 | G75: 1 | H75: 12.7
C76: Итого | D76: =SUM(D69:D75) -> 767 | E76: =SUM(E69:E75) -> 820.53 | F76: =SUM(F69:F75) -> 31.67 | G76: =SUM(G69:G75) -> 20.72 | H76: =SUM(H69:H75) -> 105.57
A77: Обед
B78: 4 | C78: Салат из белокочанной капусты с морковью | D78: 100 | E78: 136.16 | F78: 1.59 | G78: 10.08 | H78: 9.51
B79: 34 | C79: Свекольник с зеленью | D79: 252 | E79: 130.96 | F79: 2.46 | G79: 5.73 | H79: 15.19
B80: 394 | C80: Жаркое по-домашнему из говядины | D80: 230 | E80: 426.3 | F80: 20.9 | G80: 19.1 | H80: 42
B81: 82/2 | C81: Фрукты свежие ( киви) | D81: 100 | E81: 45.6 | F81: 0.8 | G81: 0.4 | H81: 7.9
B82: 495 | C82: Компот из сухофруктов | D82: 200 | E82: 62.6 | F82: 0.8 | G82: 0 | H82: 15.3
B83: 573 | C83: Хлеб пшеничный витаминный | D83: 25 | E83: 60.5 | F83: 2 | G83: 0 | H83: 12.2
B84: 574 | C84: Хлеб ржаной | D84: 25 | E84: 64.8 | F84: 2.1 | G84: 1 | H84: 12.7
C85: Итого | D85: =SUM(D78:D84) -> 932 | E85: =SUM(E78:E84) -> 926.92 | F85: =SUM(F78:F84) -> 30.65 | G85: =SUM(G78:G84) -> 36.31 | H85: =SUM(H78:H84) -> 114.8
A86: Полдник
B87: 544 | C87: Плюшка сахарная | D87: 80 | E87: 294.22 | F87: 8.3 | G87: 4.6 | H87: 40.1
B88: 200/1 | C88: Коктейль молочный "Топтыжка" | D88: 200 | E88: 144 | F88: 5.6 | G88: 6.4 | H88: 18.6
B89: 459 | C89: Чай с лимоном | D89: 207 | E89: 43.4 | F89: 0.3 | G89: 0 | H89: 10.3
C90: Итого | D90: =SUM(D87:D89) -> 487 | E90: =SUM(E87:E89) -> 481.62 | F90: =SUM(F87:F89) -> 14.2 | G90: =SUM(G87:G89) -> 11 | H90: =SUM(H87:H89) -> 69
C91: Всего: | E91: =E76+E85+E90 -> 2229.07 | F91: =F76+F85+F90 -> 76.52 | G91: =G76+G85+G90 -> 68.03 | H91: =H76+H85+H90 -> 289.37
A93: Согласовано: | H93: Утверждаю
A94: Директор МБОУ СОШ №4 | H94: зав.производством ООО "МТК"
A95: _______ Н.В. Менщикова | H95: __________Р.Г. Сахауова
A96: ='7-11'!A96 -> 46037 | C96: пятница | G96: неделя 1
C97: возрастная категория 12 и старше
A98: Прием пищи | B98: № рец. | C98: Блюдо | D98: Выход, г | E98: Калорийн | F98: Белки | G98: Жиры | H98: Углеводы
A99: Завтрак
B100: 54 | C100: Помидор свежий порционно | D100: 30 | E100: 4.1 | F100: 0.2 | G100: 0 | H100: 0.7
B101: 500 | C101: Биточки рубленые из мяса птицы с томатным соусом | D101: 100 | E101: 108.9 | F101: 5.7 | G101: 5.8 | H101: 7
B102: 520 | C102: Пюре картофельное | D102: 180 | E102: 300.41 | F102: 3.73 | G102: 20.48 | H102: 25.15
B103: 38/1 | C103: Вафли "Боярушка" | D103: 38 | E103: 134.52 | F103: 1.06 | G103: 1.3 | H103: 29.37
...

Sheet диабет 7-11 лет
A1: Согласовано: | H1: Утверждаю
A2: Директор МБОУ СОШ №4 | H2: зав.производством ООО "МТК"
A3: _______ Н.В. Менщикова | H3: __________Р.Г. Сахауова
A4: ='7-11'!A4 -> 46034 | C4: понедельник | G4: неделя 1
A5: неделя 1 | C5: Диабет 7-11 лет
A6: Прием пищи | B6: № рец. | C6: Блюдо | D6: Выход, г | E6: Калорийн | F6: Белки | G6: Жиры | H6: Углеводы
A7: Завтрак
B8: 453 | C8: Каша геркулес молочная б/сахара | D8: 200 | E8: 168.74 | F8: 5.34 | G8: 2.9 | H8: 30.32
B9: 34 | C9: Бутерброд горячий с сыром | D9: 45 | E9: 142.6 | F9: 5 | G9: 8.6 | H9: 10.8
B10: 82 | C10: Фрукты свежие (яблоко) | D10: 100 | E10: 47 | F10: 0.4 | G10: 0.4 | H10: 9.8
B11: 740.1 | C11: Чай с лимоном б/сахара | D11: 200 | E11: 2.4 | F11: 0.2 | G11: 0 | H11: 0.4
B12: 267 | C12: Яйцо вареное | D12: 40 | E12: 63 | F12: 5 | G12: 5 | H12: 0.3
B13: 574 | C13: Хлеб ржаной | D13: 30 | E13: 30.6 | F13: 1 | G13: 0.15 | H13: 6.35
C14: Итого | D14: =SUM(D8:D13) -> 615 | E14: =SUM(E8:E13) -> 454.34 | F14: =SUM(F8:F13) -> 16.94 | G14: =SUM(G8:G13) -> 17.05 | H14: =SUM(H8:H13) -> 57.97
A15: Обед
B16: 53 | C16: Огурцы свежие порционно | D16: 60 | E16: 8.04 | F16: 0.2 | G16: 0 | H16: 0
B17: 139 | C17: Суп картофельный с горохом, с мясом говядины, гренками | D17: 225 | E17: 196 | F17: 10.3 | G17: 6.3 | H17: 24.5
B18: 476 | C18: Котлета Домашняя | D18: 90 | E18: 254.3 | F18: 17 | G18: 11 | H18: 28.7
B19: 114 | C19: Каша перловая рассыпчатая | D19: 150 | E19: 186 | F19: 4.51 | G19: 4.24 | H19: 32.44
B20: 699.01 | C20: Напиток апельсиновый б/сахара | D20: 200 | E20: 80 | F20: 0.2 | G20: 0 | H20: 4.5
B21: 574 | C21: Хлеб ржаной | D21: 30 | E21: 30.6 | F21: 1 | G21: 0.15 | H21: 6.35
C22: Итого | D22: =SUM(D16:D21) -> 755 | E22: =SUM(E16:E21) -> 754.94 | F22: =SUM(F16:F21) -> 33.21 | G22: =SUM(G16:G21) -> 21.69 | H22: =SUM(H16:H21) -> 96.49
A23: Полдник
B24: 269 | C24: Омлет запеченый с зеленым горошком | D24: 150 | E24: 215.6 | F24: 11 | G24: 16.6 | H24: 5.4
B25: 82 | C25: Фрукты свежие (яблоко) | D25: 100 | E25: 47 | F25: 0.4 | G25: 0.4 | H25: 9.8
B26: 268 | C26: Кефир | D26: 200 | E26: 100 | F26: 5.8 | G26: 5 | H26: 8
B27: 574 | C27: Хлеб ржаной | D27: 30 | E27: 30.6 | F27: 1 | G27: 0.15 | H27: 6.35
C28: Итого | D28: =SUM(D24:D27) -> 480 | E28: =SUM(E24:E27) -> 393.2 | F28: =SUM(F24:F27) -> 18.2 | G28: =SUM(G24:G27) -> 22.15 | H28: =SUM(H24:H27) -> 29.55
C29: Всего: | E29: =E14+E22+E28 -> 1602.48 | F29: =F14+F22+F28 -> 68.35 | G29: =G14+G22+G28 -> 60.89 | H29: =H14+H22+H28 -> 184.01
A31: Согласовано: | H31: Утверждаю
A32: Директор МБОУ СОШ №4 | H32: зав.производством ООО "МТК"
A33: _______Н.В. Менщикова | H33: __________Р.Г. Сахауова
A34: ='7-11'!A34 -> 46035 | C34: вторник | G34: неделя 1
A35: неделя 1 | C35: Диабет 7-11 лет
A36: Прием пищи | B36: № рец. | C36: Блюдо | D36: Выход, г | E36: Калорийн | F36: Белки | G36: Жиры | H36: Углеводы
A37: Завтрак
B38: 53 | C38: Огурец свежий порционно | D38: 30 | E38: 4.1 | F38: 0.2 | G38: 0 | H38: 0.7
B39: 503 | C39: Омлет натуральный паровой | D39: 150 | E39: 199.22 | F39: 13.44 | G39: 14.66 | H39: 4.38
B40: 540 | C40: Сыр порционно | D40: 20 | E40: 71.6 | F40: 4.6 | G40: 5.9 | H40: 0
B41: 82/3 | C41: Фрукты свежие (мандарин) | D41: 100 | E41: 38 | F41: 0.8 | G41: 0.2 | H41: 7.5
B42: 740 | C42: Чай б/сахара | D42: 200 | E42: 2.4 | F42: 0.2 | G42: 0 | H42: 0.4
B43: 573 | C43: Хлеб ржаной | D43: 30 | E43: 30.6 | F43: 1 | G43: 0.15 | H43: 6.35
C45: Итого | D45: =SUM(D38:D44) -> 530 | E45: =SUM(E38:E44) -> 345.92 | F45: =SUM(F38:F44) -> 20.24 | G45: =SUM(G38:G44) -> 20.91 | H45: =SUM(H38:H44) -> 19.33
A46: Обед
B47: 17 | C47: Салат из свежих помидоров | D47: 60 | E47: 109 | F47: 1 | G47: 10.2 | H47: 3.3
B48: 124 | C48: Щи из свежей капусты с картофелем, говядиной и зеленью. | D48: 250 | E48: 87.5 | F48: 1.8 | G48: 5 | H48: 7.9
B49: 179-01 | C49: Плов перловый со свининой | D49: 200 | E49: 258.6 | F49: 12.9 | G49: 13.1 | H49: 23.8
B50: 740.1 | C50: Чай с лимоном б/сахара | D50: 200 | E50: 2.4 | F50: 0.2 | G50: 0 | H50: 0.4
B51: 574 | C51: Хлеб ржаной | D51: 30 | E51: 30.6 | F51: 1 | G51: 0.15 | H51: 6.35
C52: Итого | D52: =SUM(D47:D51) -> 740 | E52: =SUM(E47:E51) -> 488.1 | F52: =SUM(F47:F51) -> 16.9 | G52: =SUM(G47:G51) -> 28.45 | H52: =SUM(H47:H51) -> 41.75
A53: Полдник
B54: 34 | C54: Бутерброд горячий с сыром | D54: 45 | E54: 142.6 | F54: 5 | G54: 8.6 | H54: 10.8
B55: 82/3 | C55: Фрукты свежие (мандарин) | D55: 100 | E55: 38 | F55: 0.8 | G55: 0.2 | H55: 7.5
B56: 859 | C56: Сок овощной | D56: 200 | E56: 63.2 | F56: 1 | G56: 0.2 | H56: 11.2
C57: Итого | D57: =SUM(D54:D56) -> 345 | E57: =SUM(E54:E56) -> 243.8 | F57: =SUM(F54:F56) -> 6.8 | G57: =SUM(G54:G56) -> 9 | H57: =SUM(H54:H56) -> 29.5
C58: Всего | E58: =E57+E52+E45 -> 1077.82 | F58: =F57+F52+F45 -> 43.94 | G58: =G57+G52+G45 -> 58.36 | H58: =H57+H52+H45 -> 90.58
A60: Согласовано: | H60: Утверждаю
A61: Директор МБОУ СОШ №4 | H61: зав.производством ООО "МТК"
A62: _______ Н.В. Менщикова | H62: __________Р.Г. Сахауова
A63: ='7-11'!A65 -> 46036 | C63: среда | G63: неделя 1
C64: Диабет 7-11 лет
A65: Прием пищи | B65: № рец. | C65: Блюдо | D65: Выход, г | E65: Калорийн | F65: Белки | G65: Жиры | H65: Углеводы
A66: Завтрак
B67: 148 | C67: Перец свежий порционно | D67: 30 | E67: 4.1 | F67: 0.2 | G67: 0 | H67: 0.7
B68: 553 | C68: Фрикадельки по-калининградски | D68: 90 | E68: 127.1 | F68: 4.7 | G68: 7 | H68: 9.8
B69: 327 | C69: Каша гречневая рассыпчатая | D69: 150 | E69: 235.8 | F69: 8.5 | G69: 5.9 | H69: 37
B70: 740.1 | C70: Чай с лимоном б/сахара | D70: 200 | E70: 2.4 | F70: 0.2 | G70: 0 | H70: 0.4
B71: 574 | C71: Хлеб ржаной | D71: 30 | E71: 30.6 | F71: 1 | G71: 0.15 | H71: 6.35
C72: Итого | D72: =SUM(D67:D71) -> 500 | E72: =SUM(E67:E71) -> 400 | F72: =SUM(F67:F71) -> 14.6 | G72: =SUM(G67:G71) -> 13.05 | H72: =SUM(H67:H71) -> 54.25
A73: Обед
B74: 4 | C74: Салат Витаминный | D74: 60 | E74: 44.7 | F74: 0.7 | G74: 3 | H74: 3.5
B75: 98 | C75: Свекольник с зеленью | D75: 202 | E75: 74.6 | F75: 1.9 | G75: 3.8 | H75: 8.3
B76: 394 | C76: Жаркое по-домашнему из говядины | D76: 200 | E76: 370.7 | F76: 18.2 | G76: 16.6 | H76: 36.5
B77: 82/2 | C77: Фрукты свежие ( киви) | D77: 95 | E77: 43.32 | F77: 0.8 | G77: 0.4 | H77: 7.7
B78: 707 | C78: Компот из сухофруктов б/сахара | D78: 200 | E78: 40.68 | F78: 0.48 | G78: 0 | H78: 9.69
B79: 574 | C79: Хлеб ржаной | D79: 30 | E79: 30.6 | F79: 1 | G79: 0.15 | H79: 6.35
C80: Итого | D80: =SUM(D74:D79) -> 787 | E80: =SUM(E74:E79) -> 604.6 | F80: =SUM(F74:F79) -> 23.08 | G80: =SUM(G74:G79) -> 23.95 | H80: =SUM(H74:H79) -> 72.04
A81: Полдник
B82: 258 | C82: Мясо отварное говядина | D82: 80 | E82: 111.6 | F82: 21.3 | G82: 3 | H82: 0
B83: 327 | C83: Каша гречневая рассыпчатая | D83: 150 | E83: 235.8 | F83: 8.5 | G83: 5.9 | H83: 37
B84: 740.1 | C84: Чай с лимоном б/сахара | D84: 200 | E84: 2.4 | F84: 0.2 | G84: 0 | H84: 0.4
B85: 574 | C85: Хлеб ржаной | D85: 30 | E85: 30.6 | F85: 1 | G85: 0.15 | H85: 6.35
C86: Итого | D86: =SUM(D82:D85) -> 460 | E86: =SUM(E82:E85) -> 380.4 | F86: =SUM(F82:F85) -> 31 | G86: =SUM(G82:G85) -> 9.05 | H86: =SUM(H82:H85) -> 43.75
C87: Всего: | E87: =E72+E80+E86 -> 1385 | F87: =F72+F80+F86 -> 68.68 | G87: =G72+G80+G86 -> 46.05 | H87: =H72+H80+H86 -> 170.04
A89: Согласовано: | H89: Утверждаю
A90: Директор МБОУ СОШ №4 | H90: зав.производством ООО "МТК"
A91: _______ Н.В. Менщикова | H91: __________Р.Г. Сахауова
A92: ='7-11'!A96 -> 46037 | C92: ='7-11'!C96 -> четверг | G92: неделя 1
C93: Диабет 7-11 лет
A94: Прием пищи | B94: № рец. | C94: Блюдо | D94: Выход, г | E94: Калорийн | F94: Белки | G94: Жиры | H94: Углеводы
A95: Завтрак
B96: 54 | C96: Помидор свежий порционно | D96: 30 | E96: 4.1 | F96: 0.2 | G96: 0 | H96: 0.7
B97: 499 | C97: Котлета рубленая из филе кур | D97: 100 | E97: 271 | F97: 18.6 | G97: 13.5 | H97: 18.2
B98: 320 | C98: Картофель отварной с раст.маслом | D98: 150 | E98: 164.03 | F98: 3.1 | G98: 5.6 | H98: 25.3
B99: 741 | C99: Чай с молоком б/сахара | D99: 200 | E99: 30.5 | F99: 1.6 | G99: 1.6 | H99: 2.4
B100: 574 | C100: Хлеб ржаной | D100: 30 | E100: 30.6 | F100: 1 | G100: 0.15 | H100: 6.35
C101: Итого | D101: =SUM(D96:D100) -> 510 | E101: =SUM(E96:E100) -> 500.23 | F101: =SUM(F96:F100) -> 24.5 | G101: =SUM(G96:G100) -> 20.85 | H101: =SUM(H96:H100) -> 52.95
A102: Обед
B103: 45 | C103: Салат зеленый с помидорами и растительн.маслом | D103: 60 | E103: 64.8 | F103: 0.7 | G103: 5.1 | H103: 1.6
B104: 110 | C104: Суп с вермишелью на курином бульоне | D104: 250 | E104: 78.1 | F104: 2 | G104: 5.7 | H104: 16
...

Sheet диабет 12 лет
A1: Согласовано: | H1: Утверждаю
A2: Директор МБОУ СОШ №4 | H2: зав.производством ООО "МТК"
A3: _______ Н.В. Менщикова | H3: __________Р.Г. Сахауова
A4: ='7-11'!A4 -> 46034 | C4: понедельник | G4: неделя 1
A5: неделя 1 | C5: Диабет 12 лет и старше
A6: Прием пищи | B6: № рец. | C6: Блюдо | D6: Выход, г | E6: Калорийн | F6: Белки | G6: Жиры | H6: Углеводы
A7: Завтрак
B8: 453 | C8: Каша геркулес молочная б/сахара | D8: 220 | E8: 184.57 | F8: 5.98 | G8: 3.2 | H8: 33.54
B9: 34 | C9: Бутерброд горячий с сыром | D9: 45 | E9: 142.6 | F9: 5 | G9: 8.6 | H9: 10.8
B10: 82 | C10: Фрукты свежие (яблоко) | D10: 100 | E10: 47 | F10: 0.4 | G10: 0.4 | H10: 9.8
B11: 740.1 | C11: Чай с лимоном б/сахара | D11: 200 | E11: 2.4 | F11: 0.2 | G11: 0 | H11: 0.4
B12: 267 | C12: Яйцо вареное | D12: 40 | E12: 63 | F12: 5 | G12: 5 | H12: 0.3
B13: 574 | C13: Хлеб ржаной | D13: 60 | E13: 61.2 | F13: 2 | G13: 0.3 | H13: 12.7
C14: Итого | D14: =SUM(D8:D13) -> 665 | E14: =SUM(E8:E13) -> 500.77 | F14: =SUM(F8:F13) -> 18.58 | G14: =SUM(G8:G13) -> 17.5 | H14: =SUM(H8:H13) -> 67.54
A15: Обед
B16: 53 | C16: Огурцы свежие порционно | D16: 100 | E16: 13.4 | F16: 0.2 | G16: 0 | H16: 0
B17: 139 | C17: Суп картофельный с горохом, с мясом говядины, гренками | D17: 275 | E17: 239.59 | F17: 12.6 | G17: 7.69 | H17: 29.97
B18: 476 | C18: Котлета Домашняя | D18: 100 | E18: 282.38 | F18: 13.49 | G18: 12.36 | H18: 29.66
B19: 114 | C19: Каша перловая рассыпчатая | D19: 180 | E19: 223.2 | F19: 5.42 | G19: 5.08 | H19: 38.92
B20: 699.01 | C20: Напиток апельсиновый б/сахара | D20: 200 | E20: 80 | F20: 0.2 | G20: 0 | H20: 4.5
B21: 574 | C21: Хлеб ржаной | D21: 60 | E21: 61.2 | F21: 2 | G21: 0.3 | H21: 12.7
C22: Итого | D22: =SUM(D16:D21) -> 915 | E22: =SUM(E16:E21) -> 899.77 | F22: =SUM(F16:F21) -> 33.91 | G22: =SUM(G16:G21) -> 25.43 | H22: =SUM(H16:H21) -> 115.75
A23: Полдник
B24: 269 | C24: Омлет запеченый с зеленым горошком | D24: 150 | E24: 215.6 | F24: 11 | G24: 16.6 | H24: 5.4
B25: 82 | C25: Фрукты свежие (яблоко) | D25: 100 | E25: 47 | F25: 0.4 | G25: 0.4 | H25: 9.8
B26: 268 | C26: Кефир | D26: 200 | E26: 100 | F26: 5.8 | G26: 5 | H26: 8
B27: 574 | C27: Хлеб ржаной | D27: 60 | E27: 61.2 | F27: 2 | G27: 0.3 | H27: 12.7
C28: Итого | D28: =SUM(D24:D27) -> 510 | E28: =SUM(E24:E27) -> 423.8 | F28: =SUM(F24:F27) -> 19.2 | G28: =SUM(G24:G27) -> 22.3 | H28: =SUM(H24:H27) -> 35.9
C29: Всего: | E29: =E14+E22+E28 -> 1824.34 | F29: =F14+F22+F28 -> 71.69 | G29: =G14+G22+G28 -> 65.23 | H29: =H14+H22+H28 -> 219.19
A31: Согласовано: | H31: Утверждаю
A32: Директор МБОУ СОШ №4 | H32: зав.производством ООО "МТК"
A33: _______Н.В. Менщикова | H33: __________Р.Г. Сахауова
A34: ='7-11'!A34 -> 46035 | C34: вторник | G34: неделя 1
A35: неделя 1 | C35: Диабет 12 лет и старше
A36: Прием пищи | B36: № рец. | C36: Блюдо | D36: Выход, г | E36: Калорийн | F36: Белки | G36: Жиры | H36: Углеводы
A37: Завтрак
B38: 53 | C38: Огурец свежий порционно | D38: 30 | E38: 4.1 | F38: 0.2 | G38: 0 | H38: 0.7
B39: 503 | C39: Омлет натуральный паровой | D39: 180 | E39: 239.07 | F39: 16.13 | G39: 17.6 | H39: 5.26
B40: 540 | C40: Сыр порционно | D40: 20 | E40: 71.6 | F40: 4.6 | G40: 5.9 | H40: 0
B41: 82/3 | C41: Фрукты свежие (мандарин) | D41: 100 | E41: 38 | F41: 0.8 | G41: 0.2 | H41: 7.5
B42: 740 | C42: Чай б/сахара | D42: 200 | E42: 2.4 | F42: 0.2 | G42: 0 | H42: 0.4
B43: 574 | C43: Хлеб ржаной | D43: 60 | E43: 61.2 | F43: 2 | G43: 0.3 | H43: 12.7
C45: Итого | D45: =SUM(D38:D44) -> 590 | E45: =SUM(E38:E44) -> 416.37 | F45: =SUM(F38:F44) -> 23.93 | G45: =SUM(G38:G44) -> 24 | H45: =SUM(H38:H44) -> 26.56
A46: Обед
B47: 17 | C47: Салат из свежих помидоров | D47: 100 | E47: 109 | F47: 1 | G47: 10.2 | H47: 3.3
B48: 124 | C48: Щи из свежей капусты с картофелем, говядиной и зеленью. | D48: 250 | E48: 87.5 | F48: 1.8 | G48: 5 | H48: 7.9
B49: 179-01 | C49: Плов перловый со свининой | D49: 220 | E49: 284.46 | F49: 14.19 | G49: 14.41 | H49: 26.18
B50: 740.1 | C50: Чай с лимоном б/сахара | D50: 200 | E50: 2.4 | F50: 0.2 | G50: 0 | H50: 0.4
B51: 574 | C51: Хлеб ржаной | D51: 60 | E51: 61.2 | F51: 2 | G51: 0.3 | H51: 12.7
C52: Итого | D52: =SUM(D47:D51) -> 830 | E52: =SUM(E47:E51) -> 544.56 | F52: =SUM(F47:F51) -> 19.19 | G52: =SUM(G47:G51) -> 29.91 | H52: =SUM(H47:H51) -> 50.48
A53: Полдник
B54: 34 | C54: Бутерброд горячий с сыром | D54: 45 | E54: 142.6 | F54: 5 | G54: 8.6 | H54: 10.8
B55: 82/3 | C55: Фрукты свежие (мандарин) | D55: 100 | E55: 38 | F55: 0.8 | G55: 0.2 | H55: 7.5
B56: 859 | C56: Сок овощной | D56: 200 | E56: 63.2 | F56: 1 | G56: 0.2 | H56: 11.2
C57: Итого | D57: =SUM(D54:D56) -> 345 | E57: =SUM(E54:E56) -> 243.8 | F57: =SUM(F54:F56) -> 6.8 | G57: =SUM(G54:G56) -> 9 | H57: =SUM(H54:H56) -> 29.5
C58: Всего | E58: =E57+E52+E45 -> 1204.73 | F58: =F57+F52+F45 -> 49.92 | G58: =G57+G52+G45 -> 62.91 | H58: =H57+H52+H45 -> 106.54
A60: Согласовано: | H60: Утверждаю
A61: Директор МБОУ СОШ №4 | H61: зав.производством ООО "МТК"
A62: _______ Н.В. Менщикова | H62: __________Р.Г. Сахауова
A63: ='7-11'!A65 -> 46036 | C63: среда | G63: неделя 1
C64: Диабет 12 лет и старше
A65: Прием пищи | B65: № рец. | C65: Блюдо | D65: Выход, г | E65: Калорийн | F65: Белки | G65: Жиры | H65: Углеводы
A66: Завтрак
B67: 148 | C67: Перец свежий порционно | D67: 30 | E67: 4.1 | F67: 0.2 | G67: 0 | H67: 0.7
B68: 553 | C68: Фрикадельки по-калининградски | D68: 100 | E68: 129.14 | F68: 15.47 | G68: 13.32 | H68: 8.47
B69: 327 | C69: Каша гречневая рассыпчатая | D69: 180 | E69: 288.5 | F69: 6 | G69: 6,,2 | H69: 42.6
B70: 740.1 | C70: Чай с лимоном б/сахара | D70: 200 | E70: 2.4 | F70: 0.2 | G70: 0 | H70: 0.4
B71: 574 | C71: Хлеб ржаной | D71: 60 | E71: 61.2 | F71: 2 | G71: 0.3 | H71: 12.7
C72: Итого | D72: =SUM(D67:D71) -> 570 | E72: =SUM(E67:E71) -> 485.34 | F72: =SUM(F67:F71) -> 23.87 | G72: =SUM(G67:G71) -> 13.62 | H72: =SUM(H67:H71) -> 64.87
A73: Обед
B74: 4 | C74: Салат Витаминный | D74: 100 | E74: 136.16 | F74: 1.59 | G74: 10.08 | H74: 9.51
B75: 98 | C75: Свекольник с зеленью | D75: 252 | E75: 93.1 | F75: 2.3 | G75: 4.7 | H75: 10.3
B76: 394 | C76: Жаркое по-домашнему из говядины | D76: 230 | E76: 426.3 | F76: 20.9 | G76: 19.1 | H76: 42
B77: 82/2 | C77: Фрукты свежие ( киви) | D77: 95 | E77: 43.32 | F77: 0.8 | G77: 0.4 | H77: 7.7
B78: 707 | C78: Компот из сухофруктов б/сахара | D78: 200 | E78: 40.68 | F78: 0.48 | G78: 0 | H78: 9.69
B79: 574 | C79: Хлеб ржаной | D79: 60 | E79: 61.2 | F79: 2 | G79: 0.3 | H79: 12.7
C80: Итого | D80: =SUM(D74:D79) -> 937 | E80: =SUM(E74:E79) -> 800.76 | F80: =SUM(F74:F79) -> 28.07 | G80: =SUM(G74:G79) -> 34.58 | H80: =SUM(H74:H79) -> 91.9
A81: Полдник
B82: 258 | C82: Мясо отварное говядина | D82: 80 | E82: 111.6 | F82: 21.3 | G82: 3 | H82: 0
B83: 327 | C83: Каша гречневая рассыпчатая | D83: 180 | E83: 288.5 | F83: 6 | G83: 6,,2 | H83: 42.6
B84: 740.1 | C84: Чай с лимоном б/сахара | D84: 200 | E84: 2.4 | F84: 0.2 | G84: 0 | H84: 0.4
B85: 574 | C85: Хлеб ржаной | D85: 60 | E85: 61.2 | F85: 2 | G85: 0.3 | H85: 12.7
C86: Итого | D86: =SUM(D82:D85) -> 520 | E86: =SUM(E82:E85) -> 463.7 | F86: =SUM(F82:F85) -> 29.5 | G86: =SUM(G82:G85) -> 3.3 | H86: =SUM(H82:H85) -> 55.7
C87: Всего: | E87: =E72+E80+E86 -> 1749.8 | F87: =F72+F80+F86 -> 81.44 | G87: =G72+G80+G86 -> 51.5 | H87: =H72+H80+H86 -> 212.47
A89: Согласовано: | H89: Утверждаю
A90: Директор МБОУ СОШ №4 | H90: зав.производством ООО "МТК"
A91: _______ Н.В. Менщикова | H91: __________Р.Г. Сахауова
A92: ='7-11'!A96 -> 46037 | C92: четверг | G92: неделя 1
C93: Диабет 12 лет и старше
A94: Прием пищи | B94: № рец. | C94: Блюдо | D94: Выход, г | E94: Калорийн | F94: Белки | G94: Жиры | H94: Углеводы
A95: Завтрак
B96: 54 | C96: Помидор свежий порционно | D96: 30 | E96: 4.1 | F96: 0.2 | G96: 0 | H96: 0.7
B97: 499 | C97: Котлета рубленая из филе кур | D97: 100 | E97: 271 | F97: 18.6 | G97: 13.5 | H97: 18.2
B98: 320 | C98: Картофель отварной с раст.маслом | D98: 180 | E98: 196.83 | F98: 3.72 | G98: 6.75 | H98: 30.33
B99: 741 | C99: Чай с молоком б/сахара | D99: 200 | E99: 30.5 | F99: 1.6 | G99: 1.6 | H99: 2.4
B100: 574 | C100: Хлеб ржаной | D100: 60 | E100: 61.2 | F100: 2 | G100: 0.3 | H100: 12.7
C101: Итого | D101: =SUM(D96:D100) -> 570 | E101: =SUM(E96:E100) -> 563.63 | F101: =SUM(F96:F100) -> 26.12 | G101: =SUM(G96:G100) -> 22.15 | H101: =SUM(H96:H100) -> 64.33
A102: Обед
B103: 45 | C103: Салат зеленый с помидорами и растительн.маслом | D103: 100 | E103: 107.94 | F103: 1.13 | G103: 10.17 | H103: 2.64
B104: 110 | C104: Суп с вермишелью на курином бульоне | D104: 250 | E104: 78.1 | F104: 2 | G104: 5.7 | H104: 16
...
